Frame,Nose_X,Nose_Y,L_Eye_X,L_Eye_Y,R_Eye_X,R_Eye_Y,L_Ear_X,L_Ear_Y,R_Ear_X,R_Ear_Y,L_Shoulder_X,L_Shoulder_Y,R_Shoulder_X,R_Shoulder_Y,L_Elbow_X,L_Elbow_Y,R_Elbow_X,R_Elbow_Y,L_Wrist_X,L_Wrist_Y,R_Wrist_X,R_Wrist_Y,L_Hip_X,L_Hip_Y,R_Hip_X,R_Hip_Y,L_Knee_X,L_Knee_Y,R_Knee_X,R_Knee_Y,L_Ankle_X,L_Ankle_Y,R_Ankle_X,R_Ankle_Y
1,185,92,189,89,182,89,195,92,178,92,204,116,171,117,209,146,164,146,205,172,167,172,198,171,177,171,198,213,180,211,195,240,183,240
2,185,92,188,89,181,89,195,92,178,92,204,116,171,116,209,146,164,146,204,173,167,172,198,170,177,170,198,212,179,211,196,240,182,240
3,185,92,189,88,182,88,195,92,178,92,204,116,171,117,209,145,165,146,205,172,167,173,198,170,177,170,198,212,179,210,196,240,182,240
4,185,92,189,89,181,89,195,92,178,92,204,116,171,116,210,146,164,145,205,172,167,172,198,171,177,171,198,213,180,212,196,240,183,240
5,184,92,188,89,181,89,195,92,178,92,204,116,171,117,209,146,165,146,204,173,167,172,198,171,177,171,198,213,180,212,196,240,182,240
6,184,92,188,89,181,89,195,92,178,92,204,116,171,117,210,145,165,146,205,172,167,172,198,170,177,170,198,212,180,211,196,240,183,240
7,184,92,188,88,181,88,195,92,178,92,204,116,171,116,210,145,164,145,205,172,167,171,198,170,177,170,198,212,179,211,196,240,182,240
8,184,92,188,89,181,89,195,92,178,92,204,116,171,116,209,145,165,145,205,172,167,171,198,171,177,171,197,213,179,211,196,240,182,240
9,185,92,189,89,182,89,195,92,178,92,204,116,171,116,209,145,165,146,205,172,167,172,198,170,177,170,198,212,180,211,195,240,182,240
10,184,92,188,88,181,88,195,92,178,92,204,116,171,116,209,145,165,145,205,172,167,171,198,170,177,170,198,212,180,211,196,240,183,240
11,185,92,189,89,182,89,195,92,178,92,204,116,171,116,209,145,164,145,205,172,166,171,198,171,177,171,198,212,180,211,196,240,183,240
12,185,92,189,89,182,89,196,92,178,92,204,116,170,115,209,146,159,141,205,173,155,163,197,170,176,169,198,212,180,211,196,240,182,240
13,186,92,190,89,183,89,196,92,179,92,204,116,171,114,210,147,154,135,205,172,138,143,198,171,177,169,197,213,178,211,197,240,181,240
14,186,93,189,89,182,89,195,92,178,92,204,116,170,113,210,145,150,121,206,172,133,108,198,171,178,170,198,213,179,213,196,240,182,240
15,184,93,188,89,181,90,194,92,177,94,203,118,170,112,208,145,151,105,205,175,144,81,198,171,177,170,195,213,178,214,195,240,181,240
16,183,92,186,89,179,90,193,93,176,94,202,117,169,110,208,145,156,99,205,172,166,73,196,169,175,168,196,209,180,211,194,240,182,240
17,182,93,186,89,179,90,193,93,176,94,203,119,169,108,208,144,158,91,204,172,179,75,196,170,176,168,197,210,180,211,196,240,182,240
18,182,93,185,90,178,91,193,93,176,95,203,119,170,108,208,145,158,90,204,172,179,76,196,169,176,167,196,210,180,211,195,240,181,240
19,184,93,187,90,180,90,194,94,177,95,203,119,169,108,208,146,156,91,205,173,173,71,196,170,175,167,196,210,179,211,195,240,181,240
20,186,92,189,89,182,90,195,92,178,93,203,119,171,109,207,142,155,92,206,173,158,62,195,170,175,168,195,213,179,214,195,240,183,240
21,187,91,191,89,184,89,196,93,180,92,203,118,171,108,208,145,153,91,206,174,147,61,195,170,174,167,196,211,178,212,196,240,182,240
22,187,91,191,88,184,88,196,92,180,92,203,118,171,108,207,144,152,92,206,174,147,62,195,170,174,167,196,212,178,213,196,240,181,240
23,186,91,190,88,182,88,195,92,179,92,203,118,170,107,208,144,153,90,207,173,155,59,194,169,173,167,196,212,178,213,196,240,182,240
24,184,91,188,88,180,89,194,92,177,92,202,118,170,107,208,144,154,90,206,172,167,63,196,172,175,170,197,214,179,216,196,240,181,240
25,183,92,187,88,179,89,193,91,175,92,202,119,169,106,208,144,156,87,206,173,178,67,197,172,176,169,197,213,181,214,197,240,182,240
26,183,92,186,88,179,89,192,91,175,93,201,119,169,106,208,144,157,88,206,172,180,71,197,172,176,169,198,212,180,214,198,240,181,240
27,184,92,187,88,179,89,193,91,175,93,201,118,169,106,208,144,158,86,206,172,177,64,197,172,176,169,197,212,181,214,196,240,182,240
28,185,92,189,89,181,89,195,92,177,93,202,118,171,107,208,144,162,87,205,173,166,58,195,169,176,167,196,213,180,214,196,240,183,240
29,187,92,191,89,183,89,196,92,179,92,203,118,172,108,208,143,157,88,205,173,151,53,194,169,175,166,196,212,179,212,196,240,183,240
30,187,92,191,89,184,89,196,93,179,92,202,118,171,107,208,144,157,90,206,175,147,58,194,169,174,166,196,212,178,211,196,240,182,240
31,187,92,190,89,183,89,195,93,178,93,203,117,171,109,208,144,155,92,206,172,149,56,195,171,176,170,197,215,180,215,196,240,182,240
32,184,92,188,89,181,90,194,92,177,93,203,118,170,108,208,144,155,89,207,172,163,60,196,169,175,167,196,210,179,212,196,240,182,240
33,183,92,187,89,180,90,193,93,177,94,203,118,169,108,209,145,155,91,207,171,172,71,197,170,176,167,196,210,180,211,195,240,181,240
34,183,92,186,89,179,90,193,93,176,93,203,118,168,108,209,146,154,93,206,171,173,77,197,169,175,167,197,210,179,211,195,240,180,240
35,184,92,187,89,180,90,194,93,178,93,204,118,169,108,209,145,152,94,206,171,168,74,197,169,175,167,196,209,179,210,195,240,181,240
36,186,92,190,88,183,89,195,92,179,93,204,118,168,109,209,146,148,97,207,172,155,72,197,170,175,168,197,210,179,212,194,240,182,240
37,188,92,191,89,184,89,196,92,180,92,204,117,170,111,209,142,147,105,207,173,143,78,197,170,177,168,195,212,179,214,192,240,182,240
38,187,93,190,89,183,89,196,92,180,93,204,117,169,112,209,144,146,107,207,172,144,81,197,171,175,170,196,212,178,213,194,240,183,240
39,187,92,190,88,183,89,196,92,179,93,205,117,167,112,212,144,142,112,214,169,148,90,199,170,176,170,196,211,179,215,192,240,183,240
40,187,93,190,89,183,89,196,92,179,92,205,116,166,112,217,136,143,118,227,143,156,102,200,170,177,171,199,210,180,213,195,240,183,240
41,186,93,190,90,183,90,195,93,179,93,206,115,166,113,226,126,144,123,232,109,158,112,199,171,175,171,197,212,180,215,194,240,183,240
42,186,94,190,91,183,90,195,94,179,93,205,111,167,116,228,106,150,133,225,79,160,125,199,170,176,172,199,212,178,216,192,240,182,240
43,187,93,191,90,184,90,196,93,179,93,204,108,168,118,219,95,156,138,209,67,166,134,200,167,177,170,200,210,179,213,192,240,183,240
44,188,93,192,91,185,91,197,93,179,94,204,107,171,120,212,91,166,139,194,73,166,150,199,166,178,169,200,209,178,209,194,240,183,240
45,188,93,191,91,185,91,195,94,179,96,204,108,172,119,211,94,167,142,187,74,166,166,199,167,179,169,199,210,180,210,196,240,184,240
46,187,94,190,91,183,92,195,93,178,96,205,107,172,120,212,92,168,145,189,73,165,172,200,167,178,170,199,209,180,209,196,240,184,240
47,185,94,189,91,182,91,195,93,178,94,205,108,171,121,218,93,167,146,201,71,166,172,200,169,179,172,199,211,178,213,194,240,184,240
48,183,93,187,90,180,89,193,93,176,93,204,110,169,120,226,97,165,146,219,66,165,172,199,170,178,172,198,212,180,212,194,240,187,240
49,182,92,186,89,179,89,192,93,174,92,203,111,168,119,229,102,165,146,235,72,164,173,198,171,177,173,198,213,179,212,196,240,185,240
50,182,92,186,89,178,89,191,92,174,93,203,111,168,119,230,105,165,147,245,81,162,172,197,172,176,174,198,217,179,215,197,240,183,240
51,182,92,186,89,179,89,192,92,174,92,203,111,168,119,229,106,164,148,245,82,160,173,197,171,176,174,198,216,178,214,197,240,183,240
52,184,92,187,89,180,89,193,92,176,92,203,111,168,118,229,106,163,146,238,78,158,173,197,171,175,173,198,215,179,213,197,240,184,240
53,184,93,188,90,181,89,193,93,176,92,204,111,169,119,228,104,163,145,226,72,157,172,197,172,176,173,198,215,179,214,197,240,185,240
54,185,93,189,90,182,89,194,93,177,93,205,111,169,119,227,103,163,144,216,75,158,170,197,171,175,172,198,213,179,213,196,240,186,240
55,185,93,189,90,182,90,194,94,177,93,205,112,168,120,227,104,164,144,211,81,160,170,197,170,175,172,198,212,180,213,195,240,187,240
56,185,93,189,90,181,89,193,93,176,92,205,112,168,119,230,107,164,144,214,83,161,170,197,172,175,173,198,214,179,214,194,240,185,240
57,184,93,188,89,181,89,192,93,176,92,204,113,168,118,230,113,164,144,224,85,162,170,196,172,175,173,197,215,179,215,196,240,185,240
58,183,92,187,89,180,89,192,93,174,93,202,115,168,117,228,119,164,146,232,91,161,171,196,172,176,172,196,215,180,214,196,240,184,240
59,183,93,186,89,179,89,191,93,174,92,202,115,168,117,228,122,163,145,235,96,161,171,196,171,176,172,197,213,179,213,198,240,183,240
60,183,93,187,89,180,89,192,92,175,92,203,115,168,116,230,121,160,142,233,96,154,168,197,172,176,172,197,214,179,213,198,240,183,240
61,184,93,188,89,181,89,193,92,176,93,205,113,169,115,230,114,154,135,229,88,141,154,197,170,176,169,197,213,180,211,197,240,183,240
62,186,94,189,91,182,91,194,94,177,94,206,112,167,116,230,105,146,126,224,78,135,123,198,170,175,171,199,213,178,212,196,240,183,240
63,185,94,190,92,182,91,194,95,178,94,205,111,167,114,225,100,147,111,216,75,140,93,199,170,176,170,199,212,178,214,196,240,184,240
64,185,94,189,91,182,91,194,94,178,94,205,110,167,112,222,96,148,100,207,79,153,79,200,168,177,169,199,209,178,212,194,240,184,240
65,186,94,189,90,182,91,195,93,177,94,206,109,167,110,221,98,150,95,205,83,166,74,200,168,176,170,200,208,179,214,195,240,184,240
66,186,93,189,90,182,90,193,92,177,93,205,109,167,109,224,99,151,92,207,85,173,76,200,169,176,170,199,207,180,213,196,240,186,240
67,185,93,189,90,181,90,194,93,177,93,206,110,166,109,226,101,150,94,212,83,170,77,200,167,175,167,200,207,177,212,194,237,181,240
68,185,92,189,90,182,89,194,93,178,93,205,111,167,109,226,98,149,93,218,75,157,71,199,168,176,168,199,209,179,212,195,240,184,240
69,186,92,190,89,183,89,194,93,179,92,205,110,168,110,227,97,148,98,227,70,146,72,198,168,176,168,198,210,179,212,195,240,185,240
70,186,91,190,89,182,88,195,92,178,91,205,112,168,110,228,102,147,100,233,75,139,76,198,168,177,168,199,213,179,214,197,240,184,240
71,186,92,190,89,182,89,195,92,178,92,206,112,168,111,229,102,145,102,237,75,133,79,199,169,177,168,199,213,179,213,196,240,182,240
72,186,92,190,89,182,89,195,92,178,91,205,112,167,111,230,104,145,104,238,77,132,81,199,169,177,168,199,212,179,213,197,240,182,240
73,186,92,190,89,182,89,195,92,178,92,206,112,168,112,230,104,144,104,236,77,133,81,199,168,177,168,199,212,180,213,197,240,183,240
74,186,93,190,90,182,89,195,93,178,92,205,113,168,112,229,104,145,103,234,77,135,80,199,169,177,169,199,212,180,213,196,240,183,240
75,186,93,189,89,182,89,195,92,178,92,205,113,168,112,229,104,145,103,230,75,142,80,200,170,178,170,199,213,180,215,195,240,184,240
76,185,92,189,89,181,89,195,93,178,92,206,113,168,113,230,104,145,105,225,76,150,81,200,171,177,171,199,214,180,217,193,240,183,240
77,185,92,189,89,182,89,194,93,178,92,205,112,166,112,230,103,144,103,216,83,159,85,200,169,177,170,199,209,179,215,192,236,183,240
78,185,92,188,89,182,90,193,93,178,93,207,109,166,110,227,101,144,102,211,89,161,91,200,167,175,168,199,208,178,212,193,240,183,240
79,185,92,189,89,182,89,194,92,178,93,208,110,165,111,229,102,143,103,213,89,157,89,201,168,175,169,200,209,178,213,193,240,183,240
80,185,92,189,89,182,89,194,93,178,92,206,113,167,113,233,106,144,108,222,85,147,87,201,171,178,171,198,211,181,217,190,236,186,240
81,186,92,190,89,182,89,195,92,178,91,206,114,168,113,231,114,142,112,230,90,139,88,201,170,178,170,198,212,180,216,193,239,183,240
82,186,92,190,89,183,88,195,92,178,91,206,114,167,113,229,119,139,116,235,95,135,92,201,171,178,172,198,214,180,218,193,240,181,240
83,186,92,190,89,182,88,195,92,178,91,206,115,167,114,230,120,140,118,233,96,137,95,201,171,178,171,198,214,181,218,191,240,182,240
84,186,93,190,89,182,89,195,92,178,92,206,115,167,114,231,120,140,119,228,97,143,95,202,172,179,173,198,215,182,221,188,240,183,240
85,185,92,189,89,182,89,194,93,178,92,207,114,166,113,230,120,143,118,222,99,149,99,201,171,176,171,199,211,179,215,192,240,185,240
86,186,92,190,89,182,89,195,93,177,92,206,115,165,112,221,125,143,118,214,108,157,103,201,170,176,170,199,209,180,213,193,239,183,240
87,186,92,189,89,182,88,195,92,178,92,206,114,166,112,223,125,146,121,216,109,158,108,201,169,176,169,199,210,180,212,193,239,183,240
88,186,91,189,88,182,88,195,92,178,91,206,115,167,113,226,130,146,128,224,108,148,109,200,170,176,170,198,213,179,215,193,240,183,240
89,186,91,189,88,182,88,195,92,178,91,206,115,167,113,226,130,146,128,224,108,148,109,200,170,176,170,198,213,179,215,193,240,183,240
90,186,92,190,88,183,88,195,92,178,91,205,116,169,114,223,136,149,133,228,116,142,114,199,169,177,169,197,213,179,213,195,240,182,240
91,186,92,190,88,182,88,195,92,178,91,205,116,169,115,220,139,152,137,227,120,144,117,199,169,178,169,198,212,179,212,196,240,182,240
92,186,92,190,88,182,88,195,92,178,92,204,116,170,115,217,140,153,139,223,124,146,124,199,170,178,170,198,213,180,212,196,240,182,240
93,186,92,190,88,182,88,195,91,178,91,203,115,171,115,214,142,160,143,220,137,151,134,198,168,178,168,197,212,179,210,197,240,182,240
94,186,92,190,89,182,88,195,92,177,91,202,115,171,116,211,142,164,143,215,159,156,154,198,168,178,169,198,211,180,209,196,240,182,240
95,186,92,190,89,182,89,195,92,178,92,203,116,170,116,209,145,164,145,208,173,163,171,197,171,177,171,197,213,180,211,195,240,183,240
96,186,92,190,89,182,89,195,92,178,92,203,116,171,116,209,144,166,146,207,171,168,172,198,171,177,171,198,212,179,210,195,240,181,240
97,186,92,190,89,183,89,195,92,178,92,203,116,171,116,210,145,165,146,209,172,164,171,198,172,178,172,197,214,180,212,195,240,182,240
98,186,92,189,89,182,89,195,92,178,92,203,116,171,116,210,144,165,145,209,173,164,172,198,172,178,172,198,213,180,211,194,240,182,240
99,186,92,190,89,182,89,195,92,178,92,203,116,171,117,210,144,164,146,208,171,164,172,197,170,177,170,198,210,180,209,195,240,183,240
100,186,92,190,89,182,89,195,92,178,92,204,115,171,116,209,143,165,145,207,170,167,172,198,170,177,170,198,212,180,210,195,240,181,240
